<?xml version="1.0"?>
<TransactionData><ConfirmationNumber>OS01001LS2F33636</ConfirmationNumber><PageCount>11</PageCount><LocationID>OS010</LocationID><StoreNumber>OS010</StoreNumber><ScanStationID>001</ScanStationID><FleetID>UMC1</FleetID><PaymentMethod>Direct</PaymentMethod><TransactionCharges>0.00</TransactionCharges><AdditionalPageCharges>0.00</AdditionalPageCharges><FleetIdEntryCharge>0.00</FleetIdEntryCharge><TotalCharges>0.00</TotalCharges><FleetBarcodeRead>1</FleetBarcodeRead><ShiftUserID>ADMIN</ShiftUserID><OperatorInitials> </OperatorInitials><StartDateTime>08/19/2016 07:14:48</StartDateTime><CompletionDateTime>08/19/2016 07:14:48</CompletionDateTime><CultureName>en</CultureName><BatchType>Other</BatchType><SoftwareVersion>TSCAN</SoftwareVersion><Fields><TripNumber><Value>593739</Value><DataEntryCharge> </DataEntryCharge></TripNumber><TruckNumber><Value>20</Value><DataEntryCharge> </DataEntryCharge></TruckNumber><TrailerNumber><Value> </Value><DataEntryCharge> </DataEntryCharge></TrailerNumber></Fields><XPRCustomerCode>UMC101</XPRCustomerCode><TFLOCustomerCode>UMC1</TFLOCustomerCode><DocTypeList>1.pdf=Envelope;2.pdf=Driver Log;3.pdf=Payroll Misc;4.pdf=Payroll Misc;5.pdf=Cash Fuel Receipt;6.pdf=Cash Fuel Receipt;7.pdf=Bill Of Lading;8.pdf=Bill Of Lading;9.pdf=Bill Of Lading;10.pdf=Bill Of Lading;11.pdf=Bill Of Lading;</DocTypeList><DocumentsDataFields><Document Name="1.pdf"><Field Name="DocType" Index="0"> </Field><Field Name="ExpressCustCode" Index="1"> </Field><Field Name="zDocTypeFlag" Index="2"> </Field><Field Name="TripIndex1" Index="3">593739</Field><Field Name="TripIndex2" Index="4">20</Field><Field Name="TripIndex3" Index="5"> </Field><Field Name="Tripindex4" Index="6"> </Field></Document><Document Name="2.pdf"><Field Name="DocType" Index="0"> </Field><Field Name="ExpressCustCode" Index="1"> </Field><Field Name="zDocTypeFlag" Index="2"> </Field><Field Name="TripIndex1" Index="3"> </Field><Field Name="TripIndex2" Index="4"> </Field><Field Name="TripIndex3" Index="5"> </Field><Field Name="Tripindex4" Index="6"> </Field></Document><Document Name="3.pdf"><Field Name="DocType" Index="0"> </Field><Field Name="ExpressCustCode" Index="1"> </Field><Field Name="zDocTypeFlag" Index="2"> </Field><Field Name="TripIndex1" Index="3"> </Field><Field Name="TripIndex2" Index="4"> </Field><Field Name="TripIndex3" Index="5"> </Field><Field Name="Tripindex4" Index="6"> </Field></Document><Document Name="4.pdf"><Field Name="DocType" Index="0"> </Field><Field Name="ExpressCustCode" Index="1"> </Field><Field Name="zDocTypeFlag" Index="2"> </Field><Field Name="TripIndex1" Index="3"> </Field><Field Name="TripIndex2" Index="4"> </Field><Field Name="TripIndex3" Index="5"> </Field><Field Name="Tripindex4" Index="6"> </Field></Document><Document Name="5.pdf"><Field Name="DocType" Index="0"> </Field><Field Name="ExpressCustCode" Index="1"> </Field><Field Name="zDocTypeFlag" Index="2"> </Field><Field Name="TripIndex1" Index="3"> </Field><Field Name="TripIndex2" Index="4"> </Field><Field Name="TripIndex3" Index="5"> </Field><Field Name="Tripindex4" Index="6"> </Field></Document><Document Name="6.pdf"><Field Name="DocType" Index="0"> </Field><Field Name="ExpressCustCode" Index="1"> </Field><Field Name="zDocTypeFlag" Index="2"> </Field><Field Name="TripIndex1" Index="3"> </Field><Field Name="TripIndex2" Index="4"> </Field><Field Name="TripIndex3" Index="5"> </Field><Field Name="Tripindex4" Index="6"> </Field></Document><Document Name="7.pdf"><Field Name="DocType" Index="0"> </Field><Field Name="ExpressCustCode" Index="1"> </Field><Field Name="zDocTypeFlag" Index="2"> </Field><Field Name="TripIndex1" Index="3"> </Field><Field Name="TripIndex2" Index="4"> </Field><Field Name="TripIndex3" Index="5"> </Field><Field Name="Tripindex4" Index="6"> </Field></Document><Document Name="8.pdf"><Field Name="DocType" Index="0"> </Field><Field Name="ExpressCustCode" Index="1"> </Field><Field Name="zDocTypeFlag" Index="2"> </Field><Field Name="TripIndex1" Index="3"> </Field><Field Name="TripIndex2" Index="4"> </Field><Field Name="TripIndex3" Index="5"> </Field><Field Name="Tripindex4" Index="6"> </Field></Document><Document Name="9.pdf"><Field Name="DocType" Index="0"> </Field><Field Name="ExpressCustCode" Index="1"> </Field><Field Name="zDocTypeFlag" Index="2"> </Field><Field Name="TripIndex1" Index="3"> </Field><Field Name="TripIndex2" Index="4"> </Field><Field Name="TripIndex3" Index="5"> </Field><Field Name="Tripindex4" Index="6"> </Field></Document><Document Name="10.pdf"><Field Name="DocType" Index="0"> </Field><Field Name="ExpressCustCode" Index="1"> </Field><Field Name="zDocTypeFlag" Index="2"> </Field><Field Name="TripIndex1" Index="3"> </Field><Field Name="TripIndex2" Index="4"> </Field><Field Name="TripIndex3" Index="5"> </Field><Field Name="Tripindex4" Index="6"> </Field></Document><Document Name="11.pdf"><Field Name="DocType" Index="0"> </Field><Field Name="ExpressCustCode" Index="1"> </Field><Field Name="zDocTypeFlag" Index="2"> </Field><Field Name="TripIndex1" Index="3"> </Field><Field Name="TripIndex2" Index="4"> </Field><Field Name="TripIndex3" Index="5"> </Field><Field Name="Tripindex4" Index="6"> </Field></Document></DocumentsDataFields></TransactionData>
